sample_ID,CHROM,POS,REF,ALT,type,seq,chr,start,end,strand,predicted_efficiency
rs2251964_chr1_158582556_158582576_-_TGTCATCCTAATTTGAATTC_candidate_50_PE3b,chr1,158582552,G,A,sgRNA,TGTCATCCTAATTTGAATTC,chr1,158582556,158582576,-,19.07718276977539
rs2251964_chr1_158582556_158582576_-_TGTCATCCTAATTTGAATTC_candidate_50_PE3b,chr1,158582552,G,A,RTT,GCCTGAGATAACCAGAA,chr1,158582542,158582559,+,19.07718276977539
rs2251964_chr1_158582556_158582576_-_TGTCATCCTAATTTGAATTC_candidate_50_PE3b,chr1,158582552,G,A,ngRNA,AGATAACCAGAATTCAAATT,chr1,158582547,158582567,+,19.07718276977539
rs2251964_chr1_158582556_158582576_-_TGTCATCCTAATTTGAATTC_candidate_50_PE3b,chr1,158582552,G,A,PBS,TTCAAATTAG,chr1,158582559,158582569,+,19.07718276977539
